{
    "Accuracy": 0.9515503875968992,
    "Precision": 0.9500361972138897,
    "Recall": 0.9515503875968992,
    "F1": 0.948920721134231,
    "ROC-AUC": 0.8462777158429332,
    "Confusion Matrix": [
        [
            887,
            10
        ],
        [
            40,
            95
        ]
    ]
}