{
    "MAE": 0.08527587614954536,
    "MSE": 0.011408635007009648,
    "RMSE": 0.1068112119911091,
    "R2": 0.9883936046126627,
    "MAPE": 0.2907048904604694,
    "EVS": 0.9883936516802515
}