{
    "Accuracy": 0.6107142857142858,
    "Precision": 0.654559525017761,
    "Recall": 0.6107142857142858,
    "F1": 0.5359907120743034,
    "ROC-AUC": 0.562358276643991,
    "Confusion Matrix": [
        [
            43,
            202
        ],
        [
            16,
            299
        ]
    ]
}