{
    "MAE": 975.5887349996616,
    "MSE": 1262870.5963866427,
    "RMSE": 1123.7751538393445,
    "R2": 0.99383035765688,
    "MAPE": 0.015902569722228733,
    "EVS": 0.9938325238148495
}