{
    "MAE": 1009.9094126355421,
    "MSE": 1349016.829254619,
    "RMSE": 1161.4718374780418,
    "R2": 0.9940645825765742,
    "MAPE": 0.01675126807298705,
    "EVS": 0.9940748867457566
}