{
    "MAE": 1036.8636535591197,
    "MSE": 1522048.920641621,
    "RMSE": 1233.7134678042632,
    "R2": 0.9922628968917163,
    "MAPE": 0.016954585010485763,
    "EVS": 0.9922642403817512
}