{
    "Accuracy": 0.9457364341085271,
    "Precision": 0.9429749525464772,
    "Recall": 0.9457364341085271,
    "F1": 0.9431567769572466,
    "ROC-AUC": 0.8285974938957311,
    "Confusion Matrix": [
        [
            893,
            16
        ],
        [
            40,
            83
        ]
    ]
}