{
    "Accuracy": 0.9612403100775194,
    "Precision": 0.9602712282323933,
    "Recall": 0.9612403100775194,
    "F1": 0.9595067955723693,
    "ROC-AUC": 0.8715393133997785,
    "Confusion Matrix": [
        [
            895,
            8
        ],
        [
            32,
            97
        ]
    ]
}