{
    "Accuracy": 0.9534883720930233,
    "Precision": 0.951665031691113,
    "Recall": 0.9534883720930233,
    "F1": 0.9517548575878731,
    "ROC-AUC": 0.8584069256536302,
    "Confusion Matrix": [
        [
            891,
            14
        ],
        [
            34,
            93
        ]
    ]
}