{
    "MAE": 979.8015500815006,
    "MSE": 1293301.0974829325,
    "RMSE": 1137.2339677845243,
    "R2": 0.9939817320618412,
    "MAPE": 0.016239517085281513,
    "EVS": 0.9939967676486359
}