{
    "MAE": 1037.530863153651,
    "MSE": 1401184.530046569,
    "RMSE": 1183.716406089976,
    "R2": 0.9935171824758605,
    "MAPE": 0.016901687272124787,
    "EVS": 0.9935242596194024
}