{
    "Accuracy": 0.94775,
    "Precision": 0.9472741814985718,
    "Recall": 0.94775,
    "F1": 0.9474144502690475,
    "ROC-AUC": null
}