{
    "Accuracy": 0.7729411764705882,
    "Precision": 0.6508872751699617,
    "Recall": 0.7729411764705882,
    "F1": 0.6773695601974851,
    "ROC-AUC": 0.6843767260994188
}