{
    "MAE": 987.3587961049656,
    "MSE": 1325270.0209183856,
    "RMSE": 1151.2037269390617,
    "R2": 0.9937919499381025,
    "MAPE": 0.0166693738173476,
    "EVS": 0.9938054891317224
}