{
    "MAE": 971.3200937639688,
    "MSE": 1281829.8367499902,
    "RMSE": 1132.1792423242841,
    "R2": 0.9941603657556335,
    "MAPE": 0.016187514383999773,
    "EVS": 0.9941676920918712
}