{
    "Accuracy": 0.9302325581395349,
    "Precision": 0.9353688115280353,
    "Recall": 0.9302325581395349,
    "F1": 0.9176122055991706,
    "ROC-AUC": 0.7142857142857143
}