{
    "MAE": 1020.5606042148814,
    "MSE": 1381414.131828443,
    "RMSE": 1175.3357528078702,
    "R2": 0.9941068540319562,
    "MAPE": 0.01693699456222047,
    "EVS": 0.9941070223235344
}