{
    "Accuracy": 0.9554263565891473,
    "Precision": 0.9540081098706049,
    "Recall": 0.9554263565891473,
    "F1": 0.9545053856290545,
    "ROC-AUC": 0.8652173913043478,
    "Confusion Matrix": [
        [
            902,
            18
        ],
        [
            28,
            84
        ]
    ]
}