{
    "Accuracy": 0.9235,
    "Precision": 0.9295768631951735,
    "Recall": 0.9235,
    "F1": 0.9181645197354583,
    "ROC-AUC": 0.8399224101351761,
    "Confusion Matrix": [
        [
            3050,
            5
        ],
        [
            301,
            644
        ]
    ]
}