{
    "Accuracy": 0.9680232558139535,
    "Precision": 0.9674148188209842,
    "Recall": 0.9680232558139535,
    "F1": 0.9675643972425081,
    "ROC-AUC": 0.9547547255455048
}