{
    "Accuracy": 0.9341085271317829,
    "Precision": 0.9322404400354202,
    "Recall": 0.9341085271317829,
    "F1": 0.9277807999758224,
    "ROC-AUC": 0.7827305904436586,
    "Confusion Matrix": [
        [
            884,
            9
        ],
        [
            59,
            80
        ]
    ]
}