{
    "Accuracy": 0.7747058823529411,
    "Precision": 0.6512120264526368,
    "Recall": 0.7747058823529411,
    "F1": 0.6794887795267445,
    "ROC-AUC": 0.653988184895194
}