{
    "Accuracy": 0.99975,
    "Precision": 0.9997500824538258,
    "Recall": 0.99975,
    "F1": 0.9997499560840737,
    "ROC-AUC": 0.9994840041279669
}